<?xml version="1.0" encoding="utf-8"?>
<pindata xsi:schemaLocation="http://cypress.com/xsd/cypindata_v2 ../../dtd/cypindata_v2.xsd" device="CY8C5888LTI-LP097" package="68-QFN" xmlns:xsi="http://www.w3.org/2001/XMLSchema-instance" xmlns="http://cypress.com/xsd/cypindata_v2">
  <capabilities>
    <capability name="DIGITAL" value="0x0000000000000001" />
    <capability name="ANALOG" value="0x0000000000000002" />
    <capability name="ROUTABLE" value="0x0000000000000004" />
    <capability name="GPIO" value="0x0000000000000010" />
    <capability name="SIO" value="0x0000000000000020" />
    <capability name="OVTIO" value="0x0000000000000040" />
    <capability name="TRUETOUCH" value="0x0000000000000080" />
    <capability name="DAC_HI_OUT" value="0x0000000000000100" />
    <capability name="ABUF_POS" value="0x0000000000000200" />
    <capability name="ABUF_OUT" value="0x0000000000000400" />
    <capability name="ABUF_NEG" value="0x0000000000000800" />
    <capability name="SWD" value="0x0000000000001000" />
    <capability name="SWO" value="0x0000000000002000" />
    <capability name="JTAG" value="0x0000000000004000" />
    <capability name="JTAG_NTRST" value="0x0000000000008000" />
    <capability name="XRES" value="0x0000000000010000" />
    <capability name="TRACE" value="0x0000000000020000" />
    <capability name="WAKEUP" value="0x0000000000040000" />
    <capability name="I2CWKUP_SDA" value="0x0000000000100000" />
    <capability name="I2CWKUP_SCL" value="0x0000000000200000" />
    <capability name="USB_D_PLUS" value="0x0000000000400000" />
    <capability name="USB_D_MINUS" value="0x0000000000800000" />
    <capability name="ECO_MHZ_XO" value="0x0000000001000000" />
    <capability name="ECO_MHZ_XI" value="0x0000000002000000" />
    <capability name="ECO_32KHZ_XO" value="0x0000000004000000" />
    <capability name="ECO_32KHZ_XI" value="0x0000000008000000" />
    <capability name="DSM_EXT_PIN_ONE" value="0x0000000010000000" />
    <capability name="DSM_EXT_PIN_TWO" value="0x0000000020000000" />
    <capability name="SAR_EXT_PIN" value="0x0000000040000000" />
    <capability name="SPI_MOSI" value="0x0000000100000000" />
    <capability name="SPI_MISO" value="0x0000000200000000" />
    <capability name="SPI_SS" value="0x0000000400000000" />
    <capability name="SPI_SCLK" value="0x0000000800000000" />
    <capability name="EXTSYNC" value="0x0000001000000000" />
    <capability name="EXTREJECT" value="0x0000002000000000" />
    <capability name="EXTCLK" value="0x0000004000000000" />
    <capability name="EXT_VREF" value="0x0000008000000000" />
    <capability name="SCB_UART_RX" value="0x0000010000000000" />
    <capability name="SCB_UART_TX" value="0x0000020000000000" />
    <capability name="SCB_UART_CTS" value="0x0000040000000000" />
    <capability name="SCB_UART_RTS" value="0x0000080000000000" />
    <capability name="TCPWM_P" value="0x0000100000000000" />
    <capability name="TCPWM_N" value="0x0000200000000000" />
    <capability name="LCD_COM" value="0x0000400000000000" />
    <capability name="LCD_SEG" value="0x0000800000000000" />
    <capability name="PORT_INTERRUPT" value="0x0001000000000000" />
    <capability name="HOTSWAP" value="0x0002000000000000" />
  </capabilities>
  <pins>
    <pin number="1" name="P2[6]" portId="2" pinId="6" ioSupplyPin="VDDIO2" capabilities="0x0001C00000020017">
      <ffbterm ffbtype="TRACE" ffbid="0" term="D2" required="true" />
      <ffbterm ffbtype="TRACE" ffbid="0" term="D2" required="true" />
    </pin>
    <pin number="2" name="P2[7]" portId="2" pinId="7" ioSupplyPin="VDDIO2" capabilities="0x0001C00000020017">
      <ffbterm ffbtype="TRACE" ffbid="0" term="D3" required="true" />
      <ffbterm ffbtype="TRACE" ffbid="0" term="D3" required="true" />
    </pin>
    <pin number="3" name="P12[4]" portId="12" pinId="4" ioSupplyPin="VDDIO2" capabilities="0x0003C00000200025">
      <ffbterm ffbtype="I2C" ffbid="0" term="scl" required="false" />
    </pin>
    <pin number="4" name="P12[5]" portId="12" pinId="5" ioSupplyPin="VDDIO2" capabilities="0x0003C00000100025">
      <ffbterm ffbtype="I2C" ffbid="0" term="sda" required="false" />
    </pin>
    <pin number="5" name="VSSB" ioSupplyPin="-" dedicatedPadNames="VSSB;VSSB" capabilities="0x0000000000000000" />
    <pin number="6" name="IND" ioSupplyPin="-" dedicatedPadNames="IND;IND" capabilities="0x0000000000000000" />
    <pin number="7" name="VB" ioSupplyPin="-" dedicatedPadNames="VB;VB" capabilities="0x0000000000000000" />
    <pin number="8" name="VBAT" ioSupplyPin="-" dedicatedPadNames="VBAT" capabilities="0x0000000000000000" />
    <pin number="9" name="VSSD" ioSupplyPin="-" powerPadNames="VSSIO;VSSD" capabilities="0x0000000000000000" />
    <pin number="10" name="XRES_N" ioSupplyPin="VDDIO1" dedicatedPadNames="XRES_N" capabilities="0x0000000000010000">
      <ffbterm ffbtype="XRES" ffbid="0" term="opt" required="false" />
    </pin>
    <pin number="11" name="P1[0]" portId="1" pinId="0" ioSupplyPin="VDDIO1" capabilities="0x0001C00000005017">
      <ffbterm ffbtype="JTAG" ffbid="0" term="tms" required="true" />
      <ffbterm ffbtype="SWD" ffbid="0" term="io" required="true" />
    </pin>
    <pin number="12" name="P1[1]" portId="1" pinId="1" ioSupplyPin="VDDIO1" capabilities="0x0001C00000005017">
      <ffbterm ffbtype="JTAG" ffbid="0" term="tck" required="true" />
      <ffbterm ffbtype="SWD" ffbid="0" term="ck" required="true" />
    </pin>
    <pin number="13" name="P1[2]" portId="1" pinId="2" ioSupplyPin="VDDIO1" capabilities="0x0001C00000010017">
      <ffbterm ffbtype="XRES" ffbid="0" term="opt" required="false" />
    </pin>
    <pin number="14" name="P1[3]" portId="1" pinId="3" ioSupplyPin="VDDIO1" capabilities="0x0001C00000006017">
      <ffbterm ffbtype="JTAG" ffbid="0" term="tdo" required="true" />
      <ffbterm ffbtype="SWD" ffbid="0" term="swv" required="true" />
    </pin>
    <pin number="15" name="P1[4]" portId="1" pinId="4" ioSupplyPin="VDDIO1" capabilities="0x0001C00000004017">
      <ffbterm ffbtype="JTAG" ffbid="0" term="tdi" required="true" />
    </pin>
    <pin number="16" name="P1[5]" portId="1" pinId="5" ioSupplyPin="VDDIO1" capabilities="0x0001C00000008017">
      <ffbterm ffbtype="JTAG" ffbid="0" term="ntrst" required="true" />
    </pin>
    <pin number="17" name="VDDIO1" ioSupplyPin="VDDIO1" powerPadNames="VDDIO1" capabilities="0x0000000000000000" />
    <pin number="18" name="P1[6]" portId="1" pinId="6" ioSupplyPin="VDDIO1" capabilities="0x0001C00000000017" />
    <pin number="19" name="P1[7]" portId="1" pinId="7" ioSupplyPin="VDDIO1" capabilities="0x0001C00000000017" />
    <pin number="20" name="P12[6]" portId="12" pinId="6" ioSupplyPin="VDDIO1" capabilities="0x0003C00000000025" />
    <pin number="21" name="P12[7]" portId="12" pinId="7" ioSupplyPin="VDDIO1" capabilities="0x0003C00000000025" />
    <pin number="22" name="P15[6]" portId="15" pinId="6" ioSupplyPin="VUSB" capabilities="0x0001C00000401005">
      <ffbterm ffbtype="USB" ffbid="0" term="dp" required="true" />
      <ffbterm ffbtype="SWD" ffbid="0" term="io" required="true" />
    </pin>
    <pin number="23" name="P15[7]" portId="15" pinId="7" ioSupplyPin="VUSB" capabilities="0x0001C00000801005">
      <ffbterm ffbtype="USB" ffbid="0" term="dm" required="true" />
      <ffbterm ffbtype="SWD" ffbid="0" term="ck" required="true" />
    </pin>
    <pin number="24" name="VDDD" ioSupplyPin="-" powerPadNames="VUSB;VDDD;VDDD" capabilities="0x0000000000000000" />
    <pin number="25" name="VSSD" ioSupplyPin="-" powerPadNames="VSSD;VSSD" capabilities="0x0000000000000000" />
    <pin number="26" name="VCCD" ioSupplyPin="-" powerPadNames="VCCD;VCCD" capabilities="0x0000000000000000" />
    <pin number="27" name="P15[0]" portId="15" pinId="0" ioSupplyPin="VDDIO3" capabilities="0x0001C00002000017">
      <ffbterm ffbtype="XTAL" ffbid="0" term="Xo" required="true" />
    </pin>
    <pin number="28" name="P15[1]" portId="15" pinId="1" ioSupplyPin="VDDIO3" capabilities="0x0001C00002000017">
      <ffbterm ffbtype="XTAL" ffbid="0" term="Xi" required="true" />
    </pin>
    <pin number="29" name="P3[0]" portId="3" pinId="0" ioSupplyPin="VDDIO3" capabilities="0x0001C00000000117">
      <ffbterm ffbtype="VIDAC" ffbid="1" term="iout" required="false" />
    </pin>
    <pin number="30" name="P3[1]" portId="3" pinId="1" ioSupplyPin="VDDIO3" capabilities="0x0001C00000000117">
      <ffbterm ffbtype="VIDAC" ffbid="3" term="iout" required="false" />
    </pin>
    <pin number="31" name="P3[2]" portId="3" pinId="2" ioSupplyPin="VDDIO3" capabilities="0x0001C08020000817">
      <ffbterm ffbtype="OpAmp" ffbid="3" term="vminus" required="false" />
      <ffbterm ffbtype="DSM" ffbid="0" term="ext_pin_2" required="true" />
    </pin>
    <pin number="32" name="P3[3]" portId="3" pinId="3" ioSupplyPin="VDDIO3" capabilities="0x0001C00000000217">
      <ffbterm ffbtype="OpAmp" ffbid="3" term="vplus" required="false" />
    </pin>
    <pin number="33" name="P3[4]" portId="3" pinId="4" ioSupplyPin="VDDIO3" capabilities="0x0001C00000000817">
      <ffbterm ffbtype="OpAmp" ffbid="1" term="vminus" required="false" />
    </pin>
    <pin number="34" name="P3[5]" portId="3" pinId="5" ioSupplyPin="VDDIO3" capabilities="0x0001C00000000217">
      <ffbterm ffbtype="OpAmp" ffbid="1" term="vplus" required="false" />
    </pin>
    <pin number="35" name="VDDIO3" ioSupplyPin="VDDIO3" powerPadNames="VDDIO3" capabilities="0x0000000000000000" />
    <pin number="36" name="P3[6]" portId="3" pinId="6" ioSupplyPin="VDDIO3" capabilities="0x0001C00000000417">
      <ffbterm ffbtype="OpAmp" ffbid="1" term="vout" required="false" />
    </pin>
    <pin number="37" name="P3[7]" portId="3" pinId="7" ioSupplyPin="VDDIO3" capabilities="0x0001C00000000417">
      <ffbterm ffbtype="OpAmp" ffbid="3" term="vout" required="false" />
    </pin>
    <pin number="38" name="P12[0]" portId="12" pinId="0" ioSupplyPin="VDDIO3" capabilities="0x0003C00000200025">
      <ffbterm ffbtype="I2C" ffbid="1" term="scl" required="false" />
    </pin>
    <pin number="39" name="P12[1]" portId="12" pinId="1" ioSupplyPin="VDDIO3" capabilities="0x0003C00000100025">
      <ffbterm ffbtype="I2C" ffbid="1" term="sda" required="false" />
    </pin>
    <pin number="40" name="P15[2]" portId="15" pinId="2" ioSupplyPin="VDDIO3" capabilities="0x0001C00008000017">
      <ffbterm ffbtype="XTAL_32kHz" ffbid="0" term="Xo" required="true" />
    </pin>
    <pin number="41" name="P15[3]" portId="15" pinId="3" ioSupplyPin="VDDIO3" capabilities="0x0001C00008000017">
      <ffbterm ffbtype="XTAL_32kHz" ffbid="0" term="Xi" required="true" />
    </pin>
    <pin number="42" name="VCCA" ioSupplyPin="-" powerPadNames="VCCA" capabilities="0x0000000000000000" />
    <pin number="43" name="VSSA" ioSupplyPin="-" powerPadNames="VSSABUF;VSSA" capabilities="0x0000000000000000" />
    <pin number="44" name="VDDA" ioSupplyPin="-" powerPadNames="VDDABUF;VDDA" capabilities="0x0000000000000000" />
    <pin number="45" name="VSSD" ioSupplyPin="-" powerPadNames="VSSIO;VSSD" capabilities="0x0000000000000000" />
    <pin number="46" name="P12[2]" portId="12" pinId="2" ioSupplyPin="VDDIO0" capabilities="0x0003C00000000025" />
    <pin number="47" name="P12[3]" portId="12" pinId="3" ioSupplyPin="VDDIO0" capabilities="0x0003C00000000025" />
    <pin number="48" name="P0[0]" portId="0" pinId="0" ioSupplyPin="VDDIO0" capabilities="0x0001C00000000417">
      <ffbterm ffbtype="OpAmp" ffbid="2" term="vout" required="false" />
    </pin>
    <pin number="49" name="P0[1]" portId="0" pinId="1" ioSupplyPin="VDDIO0" capabilities="0x0001C00000000417">
      <ffbterm ffbtype="OpAmp" ffbid="0" term="vout" required="false" />
    </pin>
    <pin number="50" name="P0[2]" portId="0" pinId="2" ioSupplyPin="VDDIO0" capabilities="0x0001C00040000217">
      <ffbterm ffbtype="OpAmp" ffbid="0" term="vplus" required="false" />
      <ffbterm ffbtype="SAR" ffbid="1" term="ext_pin" required="true" />
    </pin>
    <pin number="51" name="P0[3]" portId="0" pinId="3" ioSupplyPin="VDDIO0" capabilities="0x0001C08010000817">
      <ffbterm ffbtype="OpAmp" ffbid="0" term="vminus" required="false" />
      <ffbterm ffbtype="DSM" ffbid="0" term="ext_pin_1" required="true" />
    </pin>
    <pin number="52" name="VDDIO0" ioSupplyPin="VDDIO0" powerPadNames="VDDIO0" capabilities="0x0000000000000000" />
    <pin number="53" name="P0[4]" portId="0" pinId="4" ioSupplyPin="VDDIO0" capabilities="0x0001C00040000217">
      <ffbterm ffbtype="OpAmp" ffbid="2" term="vplus" required="false" />
      <ffbterm ffbtype="SAR" ffbid="0" term="ext_pin" required="true" />
    </pin>
    <pin number="54" name="P0[5]" portId="0" pinId="5" ioSupplyPin="VDDIO0" capabilities="0x0001C00000000817">
      <ffbterm ffbtype="OpAmp" ffbid="2" term="vminus" required="false" />
    </pin>
    <pin number="55" name="P0[6]" portId="0" pinId="6" ioSupplyPin="VDDIO0" capabilities="0x0001C00000000117">
      <ffbterm ffbtype="VIDAC" ffbid="0" term="iout" required="false" />
    </pin>
    <pin number="56" name="P0[7]" portId="0" pinId="7" ioSupplyPin="VDDIO0" capabilities="0x0001C00000000117">
      <ffbterm ffbtype="VIDAC" ffbid="2" term="iout" required="false" />
    </pin>
    <pin number="57" name="VCCD" ioSupplyPin="-" powerPadNames="VCCD;VCCD" capabilities="0x0000000000000000" />
    <pin number="58" name="VSSD" ioSupplyPin="-" powerPadNames="VSSD;VSSD" capabilities="0x0000000000000000" />
    <pin number="59" name="VDDD" ioSupplyPin="-" powerPadNames="VDDD;VDDD" capabilities="0x0000000000000000" />
    <pin number="60" name="P15[4]" portId="15" pinId="4" ioSupplyPin="VDDIO2" capabilities="0x0001C00000000017" />
    <pin number="61" name="P15[5]" portId="15" pinId="5" ioSupplyPin="VDDIO2" capabilities="0x0001C00000000017" />
    <pin number="62" name="P2[0]" portId="2" pinId="0" ioSupplyPin="VDDIO2" capabilities="0x0001C00000000017" />
    <pin number="63" name="P2[1]" portId="2" pinId="1" ioSupplyPin="VDDIO2" capabilities="0x0001C00000000017" />
    <pin number="64" name="P2[2]" portId="2" pinId="2" ioSupplyPin="VDDIO2" capabilities="0x0001C00000000017" />
    <pin number="65" name="P2[3]" portId="2" pinId="3" ioSupplyPin="VDDIO2" capabilities="0x0001C00000020017">
      <ffbterm ffbtype="TRACE" ffbid="0" term="CLK" required="true" />
      <ffbterm ffbtype="TRACE" ffbid="0" term="CLK" required="true" />
    </pin>
    <pin number="66" name="P2[4]" portId="2" pinId="4" ioSupplyPin="VDDIO2" capabilities="0x0001C00000020017">
      <ffbterm ffbtype="TRACE" ffbid="0" term="D0" required="true" />
      <ffbterm ffbtype="TRACE" ffbid="0" term="D0" required="true" />
    </pin>
    <pin number="67" name="VDDIO2" ioSupplyPin="VDDIO2" powerPadNames="VDDIO2" capabilities="0x0000000000000000" />
    <pin number="68" name="P2[5]" portId="2" pinId="5" ioSupplyPin="VDDIO2" capabilities="0x0001C00000020017">
      <ffbterm ffbtype="TRACE" ffbid="0" term="D1" required="true" />
      <ffbterm ffbtype="TRACE" ffbid="0" term="D1" required="true" />
    </pin>
  </pins>
</pindata>