﻿<?xml version="1.0" encoding="utf-8"?>
<!--DO NOT EDIT. This document is generated by PSoC Creator design builds.-->
<PSoCCreatorIdeExport Version="1">
  <Device Part="CY8C5888LTI-LP097" Processor="CortexM3" DeviceID="2E161069" />
  <Toolchains>
    <Toolchain Name="ARM GCC Generic" Selected="True">
      <Tool Name="prebuild" Command="" Options="" />
      <Tool Name="assembler" Command="arm-none-eabi-as.exe" Options="-mcpu=cortex-m3 -mthumb -I. -I.\Generated_Source\PSoC5 -alh=${OutputDir}/${CompileFile}.lst -g -W" />
      <Tool Name="compiler" Command="arm-none-eabi-gcc.exe" Options="-mcpu=cortex-m3 -mthumb -Wno-main -I. -I.\Generated_Source\PSoC5 -Wa,-alh=${OutputDir}/${CompileFile}.lst -g -D DEBUG -Wall -ffunction-sections -O0" />
      <Tool Name="linker" Command="arm-none-eabi-gcc.exe" Options="-mthumb -march=armv7-m -mfix-cortex-m3-ldrd -Wl,-Map,${OutputDir}/${ProjectShortName}.map -T .\Generated_Source\PSoC5\cm3gcc.ld -g -specs=nano.specs &quot;-u _printf_float&quot; &quot;&quot; -Wl,--gc-sections" />
      <Tool Name="postbuild" Command="" Options="" />
    </Toolchain>
    <Toolchain Name="ARM MDK Generic" Selected="False">
      <Tool Name="prebuild" Command="" Options="" />
      <Tool Name="assembler" Command="armasm.exe" Options="--cpu=Cortex-M3 --diag_style=gnu --thumb -i. -i.\Generated_Source\PSoC5 -g --list=${OutputDir}/${CompileFile}.lst" />
      <Tool Name="compiler" Command="armcc.exe" Options="--cpu=Cortex-M3 --diag_style=gnu --diag_suppress=951 -I. -I.\Generated_Source\PSoC5 --list --signed_chars -g -D DEBUG -O0 --split_sections" />
      <Tool Name="linker" Command="armlink.exe" Options="--cpu=Cortex-M3 --diag_style=gnu --no_startup --map --list ${OutputDir}/${ProjectShortName}.map --scatter .\Generated_Source\PSoC5\Cm3RealView.scat" />
      <Tool Name="postbuild" Command="" Options="" />
    </Toolchain>
    <Toolchain Name="ARM IAR Generic" Selected="False">
      <Tool Name="prebuild" Command="" Options="" />
      <Tool Name="assembler" Command="iasmarm.exe" Options="--cpu Cortex-M3 -I. -I.\Generated_Source\PSoC5 -s+ -M&lt;&gt; -w+ -r -DDEBUG --fpu None" />
      <Tool Name="compiler" Command="iccarm.exe" Options="--cpu Cortex-M3 -I. -I.\Generated_Source\PSoC5 -D DEBUG --no_cse --no_unroll --no_inline --no_code_motion --no_tbaa --no_clustering --no_scheduling --debug --endian=little -e --fpu=None -On --no_wrap_diagnostics" />
      <Tool Name="linker" Command="ilinkarm.exe" Options="--semihosting --entry __iar_program_start --vfe" />
      <Tool Name="postbuild" Command="" Options="" />
    </Toolchain>
  </Toolchains>
  <Project Name="Pinterrupt" Path="C:\Users\subas\Documents\PSoC Creator\assignment_1\Design02\Pinterrupt.cydsn" Version="4.20" Type="Normal">
    <CMSIS_SVD_File>Pinterrupt.svd</CMSIS_SVD_File>
    <Datasheet />
    <LinkerFiles>
      <LinkerFile Toolchain="ARM GCC Generic">.\Generated_Source\PSoC5\cm3gcc.ld</LinkerFile>
      <LinkerFile Toolchain="ARM MDK Generic">.\Generated_Source\PSoC5\Cm3RealView.scat</LinkerFile>
    </LinkerFiles>
    <Folders>
      <Folder BuildType="BUILD" Path="C:\Users\subas\Documents\PSoC Creator\assignment_1\Design02\Pinterrupt.cydsn">
        <Files Root="C:\Users\subas\Documents\PSoC Creator\assignment_1\Design02\Pinterrupt.cydsn">
          <File BuildType="BUILD" Toolchain="">.\main.c</File>
        </Files>
      </Folder>
      <Folder BuildType="STRICT" Path="C:\Users\subas\Documents\PSoC Creator\assignment_1\Design02\Pinterrupt.cydsn\Generated_Source\PSoC5">
        <Files Root="C:\Users\subas\Documents\PSoC Creator\assignment_1\Design02\Pinterrupt.cydsn">
          <File BuildType="BUILD" Toolchain="">.\Generated_Source\PSoC5\cyfitter_cfg.h</File>
          <File BuildType="BUILD" Toolchain="">.\Generated_Source\PSoC5\cyfitter_cfg.c</File>
          <File BuildType="BUILD" Toolchain="">.\Generated_Source\PSoC5\cymetadata.c</File>
          <File BuildType="BUILD" Toolchain="">.\Generated_Source\PSoC5\cydevice.h</File>
          <File BuildType="BUILD" Toolchain="">.\Generated_Source\PSoC5\cydevicegnu.inc</File>
          <File BuildType="BUILD" Toolchain="">.\Generated_Source\PSoC5\cydevicerv.inc</File>
          <File BuildType="BUILD" Toolchain="">.\Generated_Source\PSoC5\cydeviceiar.inc</File>
          <File BuildType="BUILD" Toolchain="">.\Generated_Source\PSoC5\cydevice_trm.h</File>
          <File BuildType="BUILD" Toolchain="">.\Generated_Source\PSoC5\cydevicegnu_trm.inc</File>
          <File BuildType="BUILD" Toolchain="">.\Generated_Source\PSoC5\cydevicerv_trm.inc</File>
          <File BuildType="BUILD" Toolchain="">.\Generated_Source\PSoC5\cydeviceiar_trm.inc</File>
          <File BuildType="BUILD" Toolchain="">.\Generated_Source\PSoC5\cyfittergnu.inc</File>
          <File BuildType="BUILD" Toolchain="">.\Generated_Source\PSoC5\cyfitterrv.inc</File>
          <File BuildType="BUILD" Toolchain="">.\Generated_Source\PSoC5\cyfitteriar.inc</File>
          <File BuildType="BUILD" Toolchain="">.\Generated_Source\PSoC5\cyfitter.h</File>
          <File BuildType="BUILD" Toolchain="">.\Generated_Source\PSoC5\cydisabledsheets.h</File>
          <File BuildType="BUILD" Toolchain="">.\Generated_Source\PSoC5\Push_Psoc_aliases.h</File>
          <File BuildType="BUILD" Toolchain="">.\Generated_Source\PSoC5\Push_Psoc.c</File>
          <File BuildType="BUILD" Toolchain="">.\Generated_Source\PSoC5\Push_Psoc.h</File>
          <File BuildType="BUILD" Toolchain="">.\Generated_Source\PSoC5\inter_1.c</File>
          <File BuildType="BUILD" Toolchain="">.\Generated_Source\PSoC5\inter_1.h</File>
          <File BuildType="BUILD" Toolchain="">.\Generated_Source\PSoC5\output_1_aliases.h</File>
          <File BuildType="BUILD" Toolchain="">.\Generated_Source\PSoC5\output_1.c</File>
          <File BuildType="BUILD" Toolchain="">.\Generated_Source\PSoC5\output_1.h</File>
          <File BuildType="BUILD" Toolchain="">.\Generated_Source\PSoC5\Push_button_aliases.h</File>
          <File BuildType="BUILD" Toolchain="">.\Generated_Source\PSoC5\Push_button.c</File>
          <File BuildType="BUILD" Toolchain="">.\Generated_Source\PSoC5\Push_button.h</File>
          <File BuildType="BUILD" Toolchain="">.\Generated_Source\PSoC5\inter_2.c</File>
          <File BuildType="BUILD" Toolchain="">.\Generated_Source\PSoC5\inter_2.h</File>
          <File BuildType="BUILD" Toolchain="">.\Generated_Source\PSoC5\output_2_aliases.h</File>
          <File BuildType="BUILD" Toolchain="">.\Generated_Source\PSoC5\output_2.c</File>
          <File BuildType="BUILD" Toolchain="">.\Generated_Source\PSoC5\output_2.h</File>
          <File BuildType="BUILD" Toolchain="">.\Generated_Source\PSoC5\LDR_aliases.h</File>
          <File BuildType="BUILD" Toolchain="">.\Generated_Source\PSoC5\LDR.c</File>
          <File BuildType="BUILD" Toolchain="">.\Generated_Source\PSoC5\LDR.h</File>
          <File BuildType="BUILD" Toolchain="">.\Generated_Source\PSoC5\inter_3.c</File>
          <File BuildType="BUILD" Toolchain="">.\Generated_Source\PSoC5\inter_3.h</File>
          <File BuildType="BUILD" Toolchain="">.\Generated_Source\PSoC5\output_3_aliases.h</File>
          <File BuildType="BUILD" Toolchain="">.\Generated_Source\PSoC5\output_3.c</File>
          <File BuildType="BUILD" Toolchain="">.\Generated_Source\PSoC5\output_3.h</File>
          <File BuildType="BUILD" Toolchain="">.\Generated_Source\PSoC5\Cm3Start.c</File>
          <File BuildType="BUILD" Toolchain="">.\Generated_Source\PSoC5\core_cm3_psoc5.h</File>
          <File BuildType="BUILD" Toolchain="">.\Generated_Source\PSoC5\core_cm3.h</File>
          <File BuildType="BUILD" Toolchain="ARM GCC Generic">.\Generated_Source\PSoC5\CyBootAsmGnu.s</File>
          <File BuildType="BUILD" Toolchain="ARM RVDS Generic">.\Generated_Source\PSoC5\CyBootAsmRv.s</File>
          <File BuildType="BUILD" Toolchain="">.\Generated_Source\PSoC5\CyDmac.c</File>
          <File BuildType="BUILD" Toolchain="">.\Generated_Source\PSoC5\CyDmac.h</File>
          <File BuildType="BUILD" Toolchain="">.\Generated_Source\PSoC5\CyFlash.c</File>
          <File BuildType="BUILD" Toolchain="">.\Generated_Source\PSoC5\CyFlash.h</File>
          <File BuildType="BUILD" Toolchain="">.\Generated_Source\PSoC5\CyLib.c</File>
          <File BuildType="BUILD" Toolchain="">.\Generated_Source\PSoC5\CyLib.h</File>
          <File BuildType="BUILD" Toolchain="">.\Generated_Source\PSoC5\cypins.h</File>
          <File BuildType="BUILD" Toolchain="">.\Generated_Source\PSoC5\cyPm.c</File>
          <File BuildType="BUILD" Toolchain="">.\Generated_Source\PSoC5\cyPm.h</File>
          <File BuildType="BUILD" Toolchain="">.\Generated_Source\PSoC5\CySpc.c</File>
          <File BuildType="BUILD" Toolchain="">.\Generated_Source\PSoC5\CySpc.h</File>
          <File BuildType="BUILD" Toolchain="">.\Generated_Source\PSoC5\cytypes.h</File>
          <File BuildType="BUILD" Toolchain="">.\Generated_Source\PSoC5\cyutils.c</File>
          <File BuildType="BUILD" Toolchain="">.\Generated_Source\PSoC5\core_cmFunc.h</File>
          <File BuildType="BUILD" Toolchain="">.\Generated_Source\PSoC5\core_cmInstr.h</File>
          <File BuildType="BUILD" Toolchain="ARM IAR Generic">.\Generated_Source\PSoC5\CyBootAsmIar.s</File>
          <File BuildType="BUILD" Toolchain="">.\Generated_Source\PSoC5\project.h</File>
        </Files>
      </Folder>
      <Folder BuildType="STRICT" Path="C:\Users\subas\Documents\PSoC Creator\assignment_1\Design02\Pinterrupt.cydsn\Export\ARM_GCC_Generic">
        <Files Root="C:\Users\subas\Documents\PSoC Creator\assignment_1\Design02\Pinterrupt.cydsn">
          <File BuildType="BUILD" Toolchain="ARM GCC Generic">.\Export\ARM_GCC_Generic\CyComponentLibrary.a</File>
        </Files>
      </Folder>
      <Folder BuildType="STRICT" Path="C:\Users\subas\Documents\PSoC Creator\assignment_1\Design02\Pinterrupt.cydsn\Export\ARM_MDK_Generic">
        <Files Root="C:\Users\subas\Documents\PSoC Creator\assignment_1\Design02\Pinterrupt.cydsn">
          <File BuildType="BUILD" Toolchain="ARM MDK Generic">.\Export\ARM_MDK_Generic\CyComponentLibrary.a</File>
        </Files>
      </Folder>
      <Folder BuildType="STRICT" Path="C:\Users\subas\Documents\PSoC Creator\assignment_1\Design02\Pinterrupt.cydsn\Export\ARM_IAR_Generic">
        <Files Root="C:\Users\subas\Documents\PSoC Creator\assignment_1\Design02\Pinterrupt.cydsn">
          <File BuildType="BUILD" Toolchain="ARM IAR Generic">.\Export\ARM_IAR_Generic\CyComponentLibrary.a</File>
        </Files>
      </Folder>
      <Folder BuildType="EXCLUDE" Path=".\codegentemp">
        <Files Root="C:\Users\subas\Documents\PSoC Creator\assignment_1\Design02\Pinterrupt.cydsn" />
      </Folder>
      <Folder BuildType="EXCLUDE" Path=".\ARM_GCC_441">
        <Files Root="C:\Users\subas\Documents\PSoC Creator\assignment_1\Design02\Pinterrupt.cydsn" />
      </Folder>
      <Folder BuildType="EXCLUDE" Path=".\ARM_GCC_473">
        <Files Root="C:\Users\subas\Documents\PSoC Creator\assignment_1\Design02\Pinterrupt.cydsn" />
      </Folder>
      <Folder BuildType="EXCLUDE" Path=".\DP8051_Keil_951">
        <Files Root="C:\Users\subas\Documents\PSoC Creator\assignment_1\Design02\Pinterrupt.cydsn" />
      </Folder>
      <Folder BuildType="EXCLUDE" Path=".\DP8051">
        <Files Root="C:\Users\subas\Documents\PSoC Creator\assignment_1\Design02\Pinterrupt.cydsn" />
      </Folder>
      <Folder BuildType="EXCLUDE" Path=".\CortexM0">
        <Files Root="C:\Users\subas\Documents\PSoC Creator\assignment_1\Design02\Pinterrupt.cydsn" />
      </Folder>
      <Folder BuildType="EXCLUDE" Path=".\CortexM3">
        <Files Root="C:\Users\subas\Documents\PSoC Creator\assignment_1\Design02\Pinterrupt.cydsn" />
      </Folder>
      <Folder BuildType="EXCLUDE" Path=".\Generated_Source\PSoC3">
        <Files Root="C:\Users\subas\Documents\PSoC Creator\assignment_1\Design02\Pinterrupt.cydsn" />
      </Folder>
      <Folder BuildType="EXCLUDE" Path=".\Generated_Source\PSoC4">
        <Files Root="C:\Users\subas\Documents\PSoC Creator\assignment_1\Design02\Pinterrupt.cydsn" />
      </Folder>
    </Folders>
  </Project>
</PSoCCreatorIdeExport>